Silhouette,Davies-Bouldin,Calinski-Harabasz,DB_norm,CH_norm,Overall_Score
0.42795572297461704,0.7251855612143079,133.9197795230428,0.028594301091769747,0.8191186522731172,0.425222892113168
0.428459319181411,0.7465321255880515,134.72256468771744,0.0,0.8240288776669695,0.41749606561612684
0.5506099133730411,0.591103618339222,163.49252840404148,0.20820069481456915,1.0,0.5862702027292034
0.7355225497357714,0.20314058082401487,46.78845918718368,0.7278876904808366,0.2861810239520835,0.5831970880562305
