Cluster,Size,Percentage,Avg_Age,Avg_Income,Avg_Spending,Female_Pct,Male_Pct
0,198,99.0,38.88383838383838,60.38383838383838,50.696969696969695,56.56565656565656,43.43434343434344
1,2,1.0,35.5,78.0,1.0,0.0,100.0
