Cluster,Size,Percentage,Avg_Age,Avg_Income,Avg_Spending,Female_Pct,Male_Pct
0,14,7.000000000000001,23.714285714285715,23.857142857142858,76.57142857142857,57.14285714285714,42.857142857142854
1,48,24.0,54.541666666666664,54.083333333333336,49.145833333333336,54.166666666666664,45.83333333333333
2,28,14.000000000000002,24.357142857142858,53.892857142857146,50.75,60.71428571428571,39.285714285714285
3,30,15.0,32.6,80.6,82.8,60.0,40.0
